occupation,month,compound,n
aged_and_disabled_carers,2021-01,0.005100000000000049,2
aged_and_disabled_carers,2022-11,-0.2997,2
aged_and_disabled_carers,2023-03,0.0,4
aged_and_disabled_carers,2023-11,0.8446333333333333,3
aged_and_disabled_carers,2024-06,0.6778500000000001,2
aged_and_disabled_carers,2025-06,0.11199999999999999,2
aged_and_disabled_carers,2025-11,0.3815,3
aged_and_disabled_carers,2025-12,0.25515,2
aged_and_disabled_carers,2026-03,0.4368,5
aged_and_disabled_carers,2026-04,0.42618,5
aged_and_disabled_carers,2026-05,0.60175,2
commercial_cleaners,2023-02,0.0,2
commercial_cleaners,2023-03,0.392,4
commercial_cleaners,2023-04,-0.12793000000000002,10
commercial_cleaners,2023-05,0.3319625,16
commercial_cleaners,2023-06,0.2865,8
commercial_cleaners,2023-07,0.29459285714285716,14
commercial_cleaners,2023-08,-0.0012200000000000045,10
commercial_cleaners,2023-09,0.3888,7
commercial_cleaners,2023-10,0.15038181818181817,11
commercial_cleaners,2023-11,0.2856214285714286,14
commercial_cleaners,2023-12,0.25229444444444443,18
commercial_cleaners,2024-01,0.30585454545454543,22
commercial_cleaners,2024-02,0.34354,5
commercial_cleaners,2024-03,0.1577333333333333,12
commercial_cleaners,2024-04,-0.06705000000000001,8
commercial_cleaners,2024-05,0.08221666666666667,6
commercial_cleaners,2024-06,0.2453625,8
commercial_cleaners,2024-07,0.06065999999999998,5
commercial_cleaners,2024-08,0.0836,8
commercial_cleaners,2024-09,0.1979363636363636,11
commercial_cleaners,2024-10,0.211,5
commercial_cleaners,2024-11,0.2779666666666667,6
commercial_cleaners,2024-12,-0.1864125,8
commercial_cleaners,2025-01,0.25124,10
commercial_cleaners,2025-02,0.40342500000000003,4
commercial_cleaners,2025-03,0.295,6
commercial_cleaners,2025-04,0.19570000000000004,5
commercial_cleaners,2025-05,0.33744,5
commercial_cleaners,2025-06,-0.011716666666666672,12
commercial_cleaners,2025-07,0.256825,12
commercial_cleaners,2025-08,0.3329166666666667,24
commercial_cleaners,2025-09,0.6771153846153847,13
commercial_cleaners,2025-10,0.5410533333333334,15
commercial_cleaners,2025-11,0.269625,12
commercial_cleaners,2025-12,0.2173,10
commercial_cleaners,2026-01,-0.08022142857142857,14
commercial_cleaners,2026-02,0.19365833333333335,12
commercial_cleaners,2026-03,0.08407500000000001,16
commercial_cleaners,2026-04,-0.08744999999999999,6
commercial_cleaners,2026-05,0.27637,10
education_aides,2023-07,0.8056,4
education_aides,2023-11,0.40845,2
education_aides,2023-12,0.10189999999999999,2
education_aides,2024-01,0.6004799999999999,5
education_aides,2024-03,0.5761499999999999,2
education_aides,2024-04,-0.050499999999999996,2
education_aides,2024-05,-0.3494,2
education_aides,2024-06,0.5183666666666666,3
education_aides,2024-11,0.0747,2
education_aides,2025-01,0.5072,2
education_aides,2025-03,0.6466666666666666,3
education_aides,2025-04,0.21555000000000002,2
education_aides,2025-05,0.7026,2
education_aides,2025-06,0.33409999999999995,5
education_aides,2025-09,0.41942500000000005,4
education_aides,2025-10,0.13085,6
education_aides,2025-11,0.1652,7
education_aides,2025-12,0.6003000000000001,2
education_aides,2026-01,0.7460333333333334,3
education_aides,2026-02,0.71315,4
education_aides,2026-03,0.42335,2
education_aides,2026-04,0.74745,2
education_aides,2026-05,0.3537333333333333,3
motor_mechanics,2022-11,0.25475,2
motor_mechanics,2024-06,0.25713846153846154,13
motor_mechanics,2024-07,0.43437857142857145,14
motor_mechanics,2024-08,0.6087333333333333,3
motor_mechanics,2024-10,0.618625,8
motor_mechanics,2024-11,0.34079999999999994,3
motor_mechanics,2024-12,0.3112333333333333,3
motor_mechanics,2025-01,0.42502000000000006,5
motor_mechanics,2025-02,0.2382666666666667,3
motor_mechanics,2025-03,0.3132375,8
motor_mechanics,2025-04,0.09860138888888889,72
motor_mechanics,2025-05,0.10099473684210526,19
motor_mechanics,2025-06,0.21570666666666666,15
motor_mechanics,2025-07,0.21043636363636364,11
motor_mechanics,2025-08,0.2074357142857143,14
motor_mechanics,2025-09,0.3927538461538462,13
motor_mechanics,2025-10,0.07058108108108108,74
motor_mechanics,2025-11,-0.033725000000000005,20
motor_mechanics,2025-12,0.2286388888888889,18
motor_mechanics,2026-01,0.10052592592592592,27
motor_mechanics,2026-02,0.22495625000000002,16
motor_mechanics,2026-03,0.10061428571428573,14
motor_mechanics,2026-04,0.09606666666666666,15
motor_mechanics,2026-05,0.21415555555555554,9
registered_nurses,2021-09,-0.11807790697674418,86
registered_nurses,2021-11,0.3169333333333333,3
registered_nurses,2022-08,0.45020714285714286,14
registered_nurses,2022-09,0.4886166666666667,6
registered_nurses,2022-10,0.42765,2
registered_nurses,2022-11,0.4391,2
registered_nurses,2022-12,0.2592666666666667,3
registered_nurses,2023-01,-0.366,2
registered_nurses,2023-03,0.20316,5
registered_nurses,2023-04,0.7187,4
registered_nurses,2023-08,0.4895333333333334,18
registered_nurses,2023-09,0.30998000000000003,5
registered_nurses,2024-06,0.4213,2
registered_nurses,2024-12,0.1366,2
registered_nurses,2025-01,0.21863749999999998,8
registered_nurses,2025-02,0.42196666666666666,6
registered_nurses,2025-03,0.5624714285714286,7
registered_nurses,2025-04,0.4727,5
registered_nurses,2025-05,0.638175,8
registered_nurses,2025-06,0.44553846153846155,13
registered_nurses,2025-07,0.5922499999999999,8
registered_nurses,2025-08,0.3759666666666666,6
registered_nurses,2025-09,0.14508000000000001,10
registered_nurses,2025-10,0.3836185185185185,27
registered_nurses,2025-11,0.3760875,8
registered_nurses,2025-12,0.43523333333333336,6
registered_nurses,2026-01,0.1889777777777778,9
registered_nurses,2026-02,0.34095,8
registered_nurses,2026-03,0.34221250000000003,8
registered_nurses,2026-04,0.3494846153846154,13
registered_nurses,2026-05,0.3056125,16
sales_assistants,2014-09,0.7456,3
sales_assistants,2021-05,0.8577142857142857,14
sales_assistants,2021-06,0.9426,2
sales_assistants,2021-07,0.92855,2
sales_assistants,2022-04,0.052464285714285706,56
sales_assistants,2022-05,0.42408,5
sales_assistants,2022-06,0.02034999999999998,2
sales_assistants,2022-07,-0.08363749999999998,8
sales_assistants,2022-08,0.30296666666666666,6
sales_assistants,2022-09,-0.11315,2
sales_assistants,2022-10,0.29295,2
sales_assistants,2022-11,0.32513333333333333,3
sales_assistants,2023-09,0.40391875,16
sales_assistants,2024-01,0.22088020833333333,96
sales_assistants,2024-02,-0.008349999999999969,2
sales_assistants,2024-03,0.07365,2
sales_assistants,2024-06,0.614025,4
sales_assistants,2024-07,0.14414444444444444,9
sales_assistants,2024-08,0.30487142857142857,7
sales_assistants,2024-09,0.3299166666666667,6
sales_assistants,2024-10,-0.03443333333333334,6
sales_assistants,2024-11,-0.14884999999999998,8
sales_assistants,2024-12,0.3862666666666667,3
sales_assistants,2025-01,0.13001428571428572,7
sales_assistants,2025-02,0.589025,4
sales_assistants,2025-03,0.11910000000000001,4
sales_assistants,2025-04,0.2799,7
sales_assistants,2025-05,0.28215,10
sales_assistants,2025-06,0.40096,5
sales_assistants,2025-07,0.21795384615384616,13
sales_assistants,2025-08,0.42823529411764705,17
sales_assistants,2025-09,0.2864,16
sales_assistants,2025-10,0.29319375000000003,16
sales_assistants,2025-11,0.06014615384615384,78
sales_assistants,2025-12,0.0789047619047619,21
sales_assistants,2026-01,0.15011363636363637,22
sales_assistants,2026-02,0.31948695652173914,23
sales_assistants,2026-03,0.19952068965517242,29
sales_assistants,2026-04,0.3168142857142857,42
sales_assistants,2026-05,0.13315108695652175,92
